allDate,prevDay,prevWeek,avgTemp,wF,MonMed,classSession,dayType,season
5/1/2015 0:00,132.8679538,83.31691348,69.5,94.71100296,44.97069205,1,wk,Spring
5/2/2015 0:00,94.71100296,83.31691348,70.5,42.13163321,44.97069205,1,wknd,Spring
5/3/2015 0:00,42.13163321,83.31691348,71,61.51294157,44.97069205,1,wknd,Spring
5/4/2015 0:00,61.51294157,83.31691348,75,132.0730173,44.97069205,1,wk,Spring
5/5/2015 0:00,132.0730173,83.31691348,74.5,132.0730173,44.97069205,1,wk,Spring
5/6/2015 0:00,132.0730173,83.31691348,79,138.0539679,44.97069205,1,wk,Spring
5/7/2015 0:00,138.0539679,132.8679538,78,133.4736197,44.97069205,1,wk,Spring
5/8/2015 0:00,133.4736197,94.71100296,76,86.87520056,44.97069205,1,wk,Spring
5/9/2015 0:00,86.87520056,42.13163321,78.5,34.52295552,44.97069205,1,wknd,Spring
5/10/2015 0:00,34.52295552,61.51294157,81.5,53.03361917,44.97069205,1,wknd,Spring
5/11/2015 0:00,53.03361917,132.0730173,73.5,80.96995817,44.97069205,1,wk,Spring
5/12/2015 0:00,80.96995817,132.0730173,67,84.83107819,44.97069205,1,wk,Spring
5/13/2015 0:00,84.83107819,138.0539679,67,109.9283584,44.97069205,1,wk,Spring
5/14/2015 0:00,109.9283584,133.4736197,77.5,103.2281795,44.97069205,1,wk,Spring
5/15/2015 0:00,103.2281795,86.87520056,72,77.29810873,44.97069205,1,wk,Spring
5/16/2015 0:00,77.29810873,34.52295552,77,40.50390614,44.97069205,1,wknd,Spring
5/17/2015 0:00,40.50390614,53.03361917,75,44.97069205,44.97069205,1,wknd,Spring
5/18/2015 0:00,44.97069205,80.96995817,80.5,55.68340742,44.97069205,1,wk,Spring
5/19/2015 0:00,55.68340742,84.83107819,81.5,45.00854617,44.97069205,1,wk,Spring
5/20/2015 0:00,45.00854617,109.9283584,80.5,33.50089433,44.97069205,0,wk,Spring
5/21/2015 0:00,33.50089433,103.2281795,69,17.64001894,44.97069205,0,wk,Spring
5/22/2015 0:00,17.64001894,77.29810873,69.5,8.062927111,44.97069205,0,wk,Spring
5/23/2015 0:00,8.062927111,40.50390614,76.5,7.646531814,44.97069205,0,wknd,Spring
5/24/2015 0:00,7.646531814,44.97069205,73,4.428931793,44.97069205,0,wknd,Spring
5/25/2015 0:00,4.428931793,55.68340742,74,3.444724728,44.97069205,0,wk,Spring
5/26/2015 0:00,3.444724728,45.00854617,77.5,20.89547308,44.97069205,0,wk,Spring
5/27/2015 0:00,20.89547308,33.50089433,76,22.06895073,44.97069205,0,wk,Spring
5/28/2015 0:00,22.06895073,17.64001894,78,24.94586369,44.97069205,0,wk,Spring
5/29/2015 0:00,24.94586369,8.062927111,76.5,25.05942604,44.97069205,0,wk,Spring
5/30/2015 0:00,25.05942604,7.646531814,79,8.592884761,44.97069205,0,wknd,Spring
5/31/2015 0:00,8.592884761,4.428931793,76.5,17.33718599,44.97069205,0,wknd,Spring
6/1/2015 0:00,17.33718599,3.444724728,76,44.47858852,62.91354394,0,wk,Summer
6/2/2015 0:00,44.47858852,20.89547308,78.5,44.63000499,62.91354394,0,wk,Summer
6/3/2015 0:00,44.63000499,22.06895073,78,45.04640029,62.91354394,0,wk,Summer
6/4/2015 0:00,45.04640029,24.94586369,78,43.1536944,62.91354394,0,wk,Summer
6/5/2015 0:00,43.1536944,25.05942604,79.5,36.03712023,62.91354394,0,wk,Summer
6/6/2015 0:00,36.03712023,8.592884761,80,18.85135071,62.91354394,0,wknd,Summer
6/7/2015 0:00,18.85135071,17.33718599,80.5,36.75634847,62.91354394,0,wknd,Summer
6/8/2015 0:00,36.75634847,44.47858852,82,87.67013704,62.91354394,0,wk,Summer
6/9/2015 0:00,87.67013704,44.63000499,83.5,110.0040666,62.91354394,0,wk,Summer
6/10/2015 0:00,110.0040666,45.04640029,82.5,93.08327589,62.91354394,0,wk,Summer
6/11/2015 0:00,93.08327589,43.1536944,83.5,85.70172291,62.91354394,0,wk,Summer
6/12/2015 0:00,85.70172291,36.03712023,84,71.88496988,62.91354394,0,wk,Summer
6/13/2015 0:00,71.88496988,18.85135071,85,23.2802825,62.91354394,0,wknd,Summer
6/14/2015 0:00,23.2802825,36.75634847,79,40.08751085,62.91354394,0,wknd,Summer
6/15/2015 0:00,40.08751085,87.67013704,81.5,81.15922876,62.91354394,0,wk,Summer
6/16/2015 0:00,81.15922876,110.0040666,78,98.98851829,62.91354394,0,wk,Summer
6/17/2015 0:00,98.98851829,93.08327589,80.5,82.63553936,62.91354394,0,wk,Summer
6/18/2015 0:00,82.63553936,85.70172291,81.5,66.24470631,62.91354394,0,wk,Summer
6/19/2015 0:00,66.24470631,71.88496988,77.5,60.3016098,62.91354394,0,wk,Summer
6/20/2015 0:00,60.3016098,23.2802825,77.5,41.41240497,62.91354394,0,wknd,Summer
6/21/2015 0:00,41.41240497,40.08751085,79,40.95815556,62.91354394,0,wknd,Summer
6/22/2015 0:00,40.95815556,81.15922876,80.5,77.8659205,62.91354394,0,wk,Summer
6/23/2015 0:00,77.8659205,98.98851829,83.5,89.03288528,62.91354394,0,wk,Summer
6/24/2015 0:00,89.03288528,82.63553936,83,80.44000052,62.91354394,0,wk,Summer
6/25/2015 0:00,80.44000052,66.24470631,83,65.52547807,62.91354394,0,wk,Summer
6/26/2015 0:00,65.52547807,60.3016098,84.5,59.73379803,62.91354394,0,wk,Summer
6/27/2015 0:00,59.73379803,41.41240497,82.5,19.79770366,62.91354394,0,wknd,Summer
6/28/2015 0:00,19.79770366,40.95815556,82,20.36551543,62.91354394,0,wknd,Summer
6/29/2015 0:00,20.36551543,77.8659205,83.5,65.90401925,62.91354394,0,wk,Summer
6/30/2015 0:00,65.90401925,89.03288528,83.5,70.93861693,62.91354394,0,wk,Summer
7/1/2015 0:00,70.93861693,80.44000052,81,53.48786858,53.48786858,0,wk,Summer
7/2/2015 0:00,53.48786858,65.52547807,80.5,46.7498356,53.48786858,0,wk,Summer
7/3/2015 0:00,46.7498356,59.73379803,83.5,33.46304022,53.48786858,0,wk,Summer
7/4/2015 0:00,33.46304022,19.79770366,84,14.11958597,53.48786858,0,wknd,Summer
7/5/2015 0:00,14.11958597,20.36551543,83.5,24.37805192,53.48786858,0,wknd,Summer
7/6/2015 0:00,24.37805192,65.90401925,84,24.37805192,53.48786858,0,wk,Summer
7/7/2015 0:00,24.37805192,70.93861693,84.5,72.90703106,53.48786858,0,wk,Summer
7/8/2015 0:00,72.90703106,53.48786858,84.5,52.16297445,53.48786858,0,wk,Summer
7/9/2015 0:00,52.16297445,46.7498356,84.5,53.79070152,53.48786858,0,wk,Summer
7/10/2015 0:00,53.79070152,33.46304022,84,52.57936975,53.48786858,0,wk,Summer
7/11/2015 0:00,52.57936975,14.11958597,83,27.51994371,53.48786858,0,wknd,Summer
7/12/2015 0:00,27.51994371,24.37805192,84,20.36551543,53.48786858,0,wknd,Summer
7/13/2015 0:00,20.36551543,24.37805192,85.5,55.83482389,53.48786858,0,wk,Summer
7/14/2015 0:00,55.83482389,72.90703106,85.5,70.25724281,53.48786858,0,wk,Summer
7/15/2015 0:00,70.25724281,52.16297445,85,72.98273929,53.48786858,0,wk,Summer
7/16/2015 0:00,72.98273929,53.79070152,84.5,50.64880974,53.48786858,0,wk,Summer
7/17/2015 0:00,50.64880974,52.57936975,86,46.44700265,53.48786858,0,wk,Summer
7/18/2015 0:00,46.44700265,27.51994371,87.5,30.43471078,53.48786858,0,wknd,Summer
7/19/2015 0:00,30.43471078,20.36551543,86.5,33.31162374,53.48786858,0,wknd,Summer
7/20/2015 0:00,33.31162374,55.83482389,85.5,68.09955809,53.48786858,0,wk,Summer
7/21/2015 0:00,68.09955809,70.25724281,86,59.46881921,53.48786858,0,wk,Summer
7/22/2015 0:00,59.46881921,72.98273929,87,60.68015098,53.48786858,0,wk,Summer
7/23/2015 0:00,60.68015098,50.64880974,88,65.48762395,53.48786858,0,wk,Summer
7/24/2015 0:00,65.48762395,46.44700265,88,71.54428281,53.48786858,0,wk,Summer
7/25/2015 0:00,71.54428281,30.43471078,86.5,40.46605203,53.48786858,0,wknd,Summer
7/26/2015 0:00,40.46605203,33.31162374,87,31.87316726,53.48786858,0,wknd,Summer
7/27/2015 0:00,31.87316726,68.09955809,88.5,55.94838624,53.48786858,0,wk,Summer
7/28/2015 0:00,55.94838624,59.46881921,88.5,61.70221216,53.48786858,0,wk,Summer
7/29/2015 0:00,61.70221216,60.68015098,88.5,63.78418865,53.48786858,0,wk,Summer
7/30/2015 0:00,63.78418865,65.48762395,88,64.12487571,53.48786858,0,wk,Summer
7/31/2015 0:00,64.12487571,71.54428281,90,61.13440039,53.48786858,0,wk,Summer
8/1/2015 0:00,61.13440039,40.46605203,86,22.29607544,47.20408501,0,wknd,Summer
8/2/2015 0:00,22.29607544,31.87316726,87.5,21.50113896,47.20408501,0,wknd,Summer
8/3/2015 0:00,21.50113896,55.94838624,87,35.99926611,47.20408501,0,wk,Summer
8/4/2015 0:00,35.99926611,61.70221216,88.5,45.84133677,47.20408501,0,wk,Summer
8/5/2015 0:00,45.84133677,63.78418865,89.5,50.00528973,47.20408501,0,wk,Summer
8/6/2015 0:00,50.00528973,64.12487571,89.5,71.05217928,47.20408501,0,wk,Summer
8/7/2015 0:00,71.05217928,61.13440039,88.5,47.20408501,47.20408501,0,wk,Summer
8/8/2015 0:00,47.20408501,22.29607544,90,20.81976484,47.20408501,0,wknd,Summer
8/9/2015 0:00,20.81976484,21.50113896,89.5,23.50740721,47.20408501,0,wknd,Summer
8/10/2015 0:00,23.50740721,35.99926611,89.5,41.98021674,47.20408501,0,wk,Summer
8/11/2015 0:00,41.98021674,45.84133677,90,47.50691795,47.20408501,0,wk,Summer
8/12/2015 0:00,47.50691795,50.00528973,92,48.8696662,47.20408501,0,wk,Summer
8/13/2015 0:00,48.8696662,71.05217928,91,47.09052266,47.20408501,0,wk,Summer
8/14/2015 0:00,47.09052266,47.20408501,89.5,45.34923323,47.20408501,0,wk,Summer
8/15/2015 0:00,45.34923323,20.81976484,88.5,24.87015545,47.20408501,0,wknd,Summer
8/16/2015 0:00,24.87015545,23.50740721,86.5,23.88594839,47.20408501,0,wknd,Summer
8/17/2015 0:00,23.88594839,41.98021674,86,35.43145435,47.20408501,0,wk,Summer
8/18/2015 0:00,35.43145435,47.50691795,87.5,59.46881921,47.20408501,0,wk,Summer
8/19/2015 0:00,59.46881921,48.8696662,88.5,37.92982613,47.20408501,0,wk,Summer
8/20/2015 0:00,37.92982613,47.09052266,78.5,48.75610384,47.20408501,0,wk,Summer
8/21/2015 0:00,48.75610384,45.34923323,82,55.41842859,47.20408501,0,wk,Summer
8/22/2015 0:00,55.41842859,24.87015545,87,39.51969908,47.20408501,0,wknd,Summer
8/23/2015 0:00,39.51969908,23.88594839,88.5,61.85362863,47.20408501,0,wknd,Summer
8/24/2015 0:00,61.85362863,35.43145435,88.5,85.39888996,47.20408501,0,wk,Summer
8/25/2015 0:00,85.39888996,59.46881921,89,92.09906883,47.20408501,0,wk,Summer
8/26/2015 0:00,92.09906883,37.92982613,85.5,135.9719915,47.20408501,1,wk,Summer
8/27/2015 0:00,135.9719915,48.75610384,86,131.6944761,47.20408501,1,wk,Summer
8/28/2015 0:00,131.6944761,55.41842859,85,99.89701712,47.20408501,1,wk,Summer
8/29/2015 0:00,99.89701712,39.51969908,83,39.02759555,47.20408501,1,wknd,Summer
8/30/2015 0:00,39.02759555,61.85362863,85.5,67.87243338,47.20408501,1,wknd,Summer
8/31/2015 0:00,67.87243338,85.39888996,85.5,145.9276245,47.20408501,1,wk,Summer
9/1/2015 0:00,145.9276245,92.09906883,84,137.5618644,132.0351632,1,wk,Fall
9/2/2015 0:00,137.5618644,135.9719915,83,142.899295,132.0351632,1,wk,Fall
9/3/2015 0:00,142.899295,131.6944761,83.5,134.1549938,132.0351632,1,wk,Fall
9/4/2015 0:00,134.1549938,99.89701712,87.5,97.17152063,132.0351632,1,wk,Fall
9/5/2015 0:00,97.17152063,39.02759555,90,32.21385433,132.0351632,1,wknd,Fall
9/6/2015 0:00,32.21385433,67.87243338,88,48.90752032,132.0351632,1,wknd,Fall
9/7/2015 0:00,48.90752032,145.9276245,88,59.01456979,132.0351632,1,wk,Fall
9/8/2015 0:00,59.01456979,137.5618644,87.5,134.4956809,132.0351632,1,wk,Fall
9/9/2015 0:00,134.4956809,142.899295,83.5,130.2181655,132.0351632,1,wk,Fall
9/10/2015 0:00,130.2181655,134.1549938,84,137.7132809,132.0351632,1,wk,Fall
9/11/2015 0:00,137.7132809,97.17152063,84,100.6162454,132.0351632,1,wk,Fall
9/12/2015 0:00,100.6162454,32.21385433,80,38.76261672,132.0351632,1,wknd,Fall
9/13/2015 0:00,38.76261672,48.90752032,77,94.63529473,132.0351632,1,wknd,Fall
9/14/2015 0:00,94.63529473,59.01456979,77,NaN,132.0351632,1,wk,Fall
9/15/2015 0:00,NaN,134.4956809,84,134.5713891,132.0351632,1,wk,Fall
9/16/2015 0:00,134.5713891,130.2181655,84,132.0351632,132.0351632,1,wk,Fall
9/17/2015 0:00,132.0351632,137.7132809,85.5,136.0098456,132.0351632,1,wk,Fall
9/18/2015 0:00,136.0098456,100.6162454,85.5,104.9316148,132.0351632,1,wk,Fall
9/19/2015 0:00,104.9316148,38.76261672,85,41.56382144,132.0351632,1,wknd,Fall
9/20/2015 0:00,41.56382144,94.63529473,82,64.08702159,132.0351632,1,wknd,Fall
9/21/2015 0:00,64.08702159,NaN,84,142.255775,132.0351632,1,wk,Fall
9/22/2015 0:00,142.255775,134.5713891,83.5,148.3881421,132.0351632,1,wk,Fall
9/23/2015 0:00,148.3881421,132.0351632,81,143.6942315,132.0351632,1,wk,Fall
9/24/2015 0:00,143.6942315,136.0098456,82,137.7889891,132.0351632,1,wk,Fall
9/25/2015 0:00,137.7889891,104.9316148,84,100.0484336,132.0351632,1,wk,Fall
9/26/2015 0:00,100.0484336,41.56382144,81.5,41.33669674,132.0351632,1,wknd,Fall
9/27/2015 0:00,41.33669674,64.08702159,81,70.78720046,132.0351632,1,wknd,Fall
9/28/2015 0:00,70.78720046,142.255775,79,148.993808,132.0351632,1,wk,Fall
9/29/2015 0:00,148.993808,148.3881421,80.5,149.5237657,132.0351632,1,wk,Fall
9/30/2015 0:00,149.5237657,143.6942315,82.5,145.3598127,132.0351632,1,wk,Fall
10/1/2015 0:00,145.3598127,137.7889891,81.5,147.4796433,137.4483021,1,wk,Fall
10/2/2015 0:00,147.4796433,100.0484336,78,97.51220769,137.4483021,1,wk,Fall
10/3/2015 0:00,97.51220769,41.33669674,71.5,37.36201436,137.4483021,1,wknd,Fall
10/4/2015 0:00,37.36201436,70.78720046,73,66.92608043,137.4483021,1,wknd,Fall
10/5/2015 0:00,66.92608043,148.993808,76,144.9055633,137.4483021,1,wk,Fall
10/6/2015 0:00,144.9055633,149.5237657,76.5,138.3189468,137.4483021,1,wk,Fall
10/7/2015 0:00,138.3189468,145.3598127,76.5,137.6375727,137.4483021,1,wk,Fall
10/8/2015 0:00,137.6375727,147.4796433,79.5,139.4545703,137.4483021,1,wk,Fall
10/9/2015 0:00,139.4545703,97.51220769,80,97.89074887,137.4483021,1,wk,Fall
10/10/2015 0:00,97.89074887,37.36201436,78.5,37.77840966,137.4483021,1,wknd,Fall
10/11/2015 0:00,37.77840966,66.92608043,79.5,72.03638635,137.4483021,1,wknd,Fall
10/12/2015 0:00,72.03638635,144.9055633,85.5,147.2525186,137.4483021,1,wk,Fall
10/13/2015 0:00,147.2525186,138.3189468,79,144.0727727,137.4483021,1,wk,Fall
10/14/2015 0:00,144.0727727,137.6375727,78,140.8930268,137.4483021,1,wk,Fall
10/15/2015 0:00,140.8930268,139.4545703,79,137.7132809,137.4483021,1,wk,Fall
10/16/2015 0:00,137.7132809,97.89074887,76,106.6729042,137.4483021,1,wk,Fall
10/17/2015 0:00,106.6729042,37.77840966,75,40.76888497,137.4483021,1,wknd,Fall
10/18/2015 0:00,40.76888497,72.03638635,70.5,67.00178867,137.4483021,1,wknd,Fall
10/19/2015 0:00,67.00178867,147.2525186,70,146.9118315,137.4483021,1,wk,Fall
10/20/2015 0:00,146.9118315,144.0727727,72.5,150.4701186,137.4483021,1,wk,Fall
10/21/2015 0:00,150.4701186,140.8930268,79,145.4355209,137.4483021,1,wk,Fall
10/22/2015 0:00,145.4355209,137.7132809,76,152.2871163,137.4483021,1,wk,Fall
10/23/2015 0:00,152.2871163,106.6729042,75.5,107.8463819,137.4483021,1,wk,Fall
10/24/2015 0:00,107.8463819,40.76888497,68,47.50691795,137.4483021,1,wknd,Fall
10/25/2015 0:00,47.50691795,67.00178867,60.5,74.34548754,137.4483021,1,wknd,Fall
10/26/2015 0:00,74.34548754,146.9118315,68.5,150.924368,137.4483021,1,wk,Fall
10/27/2015 0:00,150.924368,150.4701186,71,168.1858458,137.4483021,1,wk,Fall
10/28/2015 0:00,168.1858458,145.4355209,70,137.4483021,137.4483021,1,wk,Fall
10/29/2015 0:00,137.4483021,152.2871163,66,130.7481232,137.4483021,1,wk,Fall
10/30/2015 0:00,130.7481232,107.8463819,71,95.12739826,137.4483021,1,wk,Fall
10/31/2015 0:00,95.12739826,47.50691795,71,39.74682379,137.4483021,1,wknd,Fall
11/1/2015 0:00,39.74682379,74.34548754,67,73.85338401,125.4674738,1,wknd,Fall
11/2/2015 0:00,73.85338401,150.924368,68,142.6343162,125.4674738,1,wk,Fall
11/3/2015 0:00,142.6343162,168.1858458,68.5,150.1294316,125.4674738,1,wk,Fall
11/4/2015 0:00,150.1294316,137.4483021,69.5,148.350288,125.4674738,1,wk,Fall
11/5/2015 0:00,148.350288,130.7481232,78.5,162.8862693,125.4674738,1,wk,Fall
11/6/2015 0:00,162.8862693,95.12739826,67.5,134.6092432,125.4674738,1,wk,Fall
11/7/2015 0:00,134.6092432,39.74682379,59.5,44.74356735,125.4674738,1,wknd,Fall
11/8/2015 0:00,44.74356735,73.85338401,62,65.60118631,125.4674738,1,wknd,Fall
11/9/2015 0:00,65.60118631,142.6343162,62.5,144.7541468,125.4674738,1,wk,Fall
11/10/2015 0:00,144.7541468,150.1294316,67,146.3818739,125.4674738,1,wk,Fall
11/11/2015 0:00,146.3818739,148.350288,77,139.4167162,125.4674738,1,wk,Fall
11/12/2015 0:00,139.4167162,162.8862693,63.5,128.0226267,125.4674738,1,wk,Fall
11/13/2015 0:00,128.0226267,134.6092432,60.5,106.7486125,125.4674738,1,wk,Fall
11/14/2015 0:00,106.7486125,44.74356735,59.5,36.11282847,125.4674738,1,wknd,Fall
11/15/2015 0:00,36.11282847,65.60118631,62,70.4465134,125.4674738,1,wknd,Fall
11/16/2015 0:00,70.4465134,144.7541468,70,136.7290738,125.4674738,1,wk,Fall
11/17/2015 0:00,136.7290738,146.3818739,61,135.7827209,125.4674738,1,wk,Fall
11/18/2015 0:00,135.7827209,139.4167162,57.5,144.7920009,125.4674738,1,wk,Fall
11/19/2015 0:00,144.7920009,128.0226267,62.5,140.5144856,125.4674738,1,wk,Fall
11/20/2015 0:00,140.5144856,106.7486125,64.5,122.9123208,125.4674738,1,wk,Fall
11/21/2015 0:00,122.9123208,36.11282847,53.5,63.70848041,125.4674738,1,wknd,Fall
11/22/2015 0:00,63.70848041,70.4465134,46.5,88.91932293,125.4674738,1,wknd,Fall
11/23/2015 0:00,88.91932293,136.7290738,47.5,145.0191256,125.4674738,1,wk,Fall
11/24/2015 0:00,145.0191256,135.7827209,55.5,99.93487123,125.4674738,1,wk,Fall
11/25/2015 0:00,99.93487123,144.7920009,68,48.18829208,125.4674738,1,wk,Fall
11/26/2015 0:00,48.18829208,140.5144856,71,14.00602362,125.4674738,0,wk,Fall
11/27/2015 0:00,14.00602362,122.9123208,57.5,14.87666833,125.4674738,0,wk,Fall
11/28/2015 0:00,14.87666833,63.70848041,41.5,11.69692243,125.4674738,0,wknd,Fall
11/29/2015 0:00,11.69692243,88.91932293,44.5,31.15393902,125.4674738,0,wknd,Fall
11/30/2015 0:00,31.15393902,145.0191256,50,135.9341373,125.4674738,1,wk,Fall
12/1/2015 0:00,135.9341373,99.93487123,52.5,136.1991162,37.74055554,1,wk,Winter
12/2/2015 0:00,136.1991162,48.18829208,55,131.6944761,37.74055554,1,wk,Winter
12/3/2015 0:00,131.6944761,14.00602362,51.5,129.9153326,37.74055554,1,wk,Winter
12/4/2015 0:00,129.9153326,14.87666833,50,97.09581239,37.74055554,1,wk,Winter
12/5/2015 0:00,97.09581239,11.69692243,51,39.48184496,37.74055554,1,wknd,Winter
12/6/2015 0:00,39.48184496,31.15393902,57,61.7779204,37.74055554,1,wknd,Winter
12/7/2015 0:00,61.7779204,135.9341373,56.5,110.1933372,37.74055554,1,wk,Winter
12/8/2015 0:00,110.1933372,136.1991162,58.5,114.6601231,37.74055554,1,wk,Winter
12/9/2015 0:00,114.6601231,131.6944761,61.5,120.1868243,37.74055554,1,wk,Winter
12/10/2015 0:00,120.1868243,129.9153326,64.5,117.7641608,37.74055554,1,wk,Winter
12/11/2015 0:00,117.7641608,97.09581239,65.5,93.80250413,37.74055554,1,wk,Winter
12/12/2015 0:00,93.80250413,39.48184496,72.5,54.47207565,37.74055554,1,wknd,Winter
12/13/2015 0:00,54.47207565,61.7779204,60,51.78443328,37.74055554,1,wknd,Winter
12/14/2015 0:00,51.78443328,110.1933372,58.5,68.06170397,37.74055554,1,wk,Winter
12/15/2015 0:00,68.06170397,114.6601231,64,53.63928505,37.74055554,1,wk,Winter
12/16/2015 0:00,53.63928505,120.1868243,54.5,37.74055554,37.74055554,0,wk,Winter
12/17/2015 0:00,37.74055554,117.7641608,53.5,17.75358129,37.74055554,0,wk,Winter
12/18/2015 0:00,17.75358129,93.80250413,46,14.76310598,37.74055554,0,wk,Winter
12/19/2015 0:00,14.76310598,54.47207565,51,9.312113001,37.74055554,0,wknd,Winter
12/20/2015 0:00,9.312113001,51.78443328,59,8.706447115,37.74055554,0,wknd,Winter
12/21/2015 0:00,8.706447115,68.06170397,65,15.89872951,37.74055554,0,wk,Winter
12/22/2015 0:00,15.89872951,53.63928505,64,12.56756714,37.74055554,0,wk,Winter
12/23/2015 0:00,12.56756714,37.74055554,67,10.67486125,37.74055554,0,wk,Winter
12/24/2015 0:00,10.67486125,17.75358129,63,10.18275771,37.74055554,0,wk,Winter
12/25/2015 0:00,10.18275771,14.76310598,60.5,9.87992477,37.74055554,0,wk,Winter
12/26/2015 0:00,9.87992477,9.312113001,74,9.728508298,37.74055554,0,wknd,Winter
12/27/2015 0:00,9.728508298,8.706447115,54.5,9.198550648,37.74055554,0,wknd,Winter
12/28/2015 0:00,9.198550648,15.89872951,41,10.71271536,37.74055554,0,wk,Winter
12/29/2015 0:00,10.71271536,12.56756714,43,11.81048478,37.74055554,0,wk,Winter
12/30/2015 0:00,11.81048478,10.67486125,49,12.56756714,37.74055554,0,wk,Winter
12/31/2015 0:00,12.56756714,10.18275771,46,12.60542126,37.74055554,0,wk,Winter
1/1/2016 0:00,12.60542126,9.87992477,46,11.96190125,40.2010732,0,wk,Winter
1/2/2016 0:00,11.96190125,9.728508298,44.5,11.62121419,40.2010732,0,wknd,Winter
1/3/2016 0:00,11.62121419,9.198550648,51.5,5.110305915,40.2010732,0,wknd,Winter
1/4/2016 0:00,5.110305915,10.71271536,47.5,26.38432017,40.2010732,0,wk,Winter
1/5/2016 0:00,26.38432017,11.81048478,46,28.61771313,40.2010732,0,wk,Winter
1/6/2016 0:00,28.61771313,12.56756714,49.5,41.37455086,40.2010732,0,wk,Winter
1/7/2016 0:00,41.37455086,12.60542126,61,24.1130731,40.2010732,0,wk,Winter
1/8/2016 0:00,24.1130731,11.96190125,55,25.8165084,40.2010732,0,wk,Winter
1/9/2016 0:00,25.8165084,11.62121419,48,10.90198595,40.2010732,0,wknd,Winter
1/10/2016 0:00,10.90198595,5.110305915,41.5,10.48559066,40.2010732,0,wknd,Winter
1/11/2016 0:00,10.48559066,26.38432017,45,40.2010732,40.2010732,0,wk,Winter
1/12/2016 0:00,40.2010732,28.61771313,50,46.71198148,40.2010732,0,wk,Winter
1/13/2016 0:00,46.71198148,41.37455086,52,33.84158139,40.2010732,0,wk,Winter
1/14/2016 0:00,33.84158139,24.1130731,58.5,32.21385433,40.2010732,0,wk,Winter
1/15/2016 0:00,32.21385433,25.8165084,59,36.94561906,40.2010732,0,wk,Winter
1/16/2016 0:00,36.94561906,10.90198595,53.5,33.80372728,40.2010732,0,wknd,Winter
1/17/2016 0:00,33.80372728,10.48559066,44.5,57.23542625,40.2010732,0,wknd,Winter
1/18/2016 0:00,57.23542625,40.2010732,47.5,76.04892284,40.2010732,0,wk,Winter
1/19/2016 0:00,76.04892284,46.71198148,56,136.8426362,40.2010732,1,wk,Winter
1/20/2016 0:00,136.8426362,33.84158139,51,132.1865797,40.2010732,1,wk,Winter
1/21/2016 0:00,132.1865797,32.21385433,53.5,131.7323303,40.2010732,1,wk,Winter
1/22/2016 0:00,131.7323303,36.94561906,45.5,97.7393324,40.2010732,1,wk,Winter
1/23/2016 0:00,97.7393324,33.80372728,44,38.04338848,40.2010732,1,wknd,Winter
1/24/2016 0:00,38.04338848,57.23542625,52.5,60.15019333,40.2010732,1,wknd,Winter
1/25/2016 0:00,60.15019333,76.04892284,65.5,132.4894126,40.2010732,1,wk,Winter
1/26/2016 0:00,132.4894126,136.8426362,50.5,129.726062,40.2010732,1,wk,Winter
1/27/2016 0:00,129.726062,132.1865797,47.5,143.3535445,40.2010732,1,wk,Winter
1/28/2016 0:00,143.3535445,131.7323303,51.5,130.028895,40.2010732,1,wk,Winter
1/29/2016 0:00,130.028895,97.7393324,57,102.8874924,40.2010732,1,wk,Winter
1/30/2016 0:00,102.8874924,38.04338848,61.5,38.95188731,40.2010732,1,wknd,Winter
1/31/2016 0:00,38.95188731,60.15019333,72,59.69594391,40.2010732,1,wknd,Winter
2/1/2016 0:00,59.69594391,132.4894126,65.5,121.2467396,162.2238222,1,wk,Winter
2/2/2016 0:00,121.2467396,129.726062,61.5,133.5493279,162.2238222,1,wk,Winter
2/3/2016 0:00,133.5493279,143.3535445,48.5,174.9238788,162.2238222,1,wk,Winter
2/4/2016 0:00,174.9238788,130.028895,46.5,171.3277376,162.2238222,1,wk,Winter
2/5/2016 0:00,171.3277376,102.8874924,47.5,144.3377515,162.2238222,1,wk,Winter
2/6/2016 0:00,144.3377515,38.95188731,50,90.54705,162.2238222,1,wknd,Winter
2/7/2016 0:00,90.54705,59.69594391,50,104.8180524,162.2238222,1,wknd,Winter
2/8/2016 0:00,104.8180524,121.2467396,55.5,173.7882552,162.2238222,1,wk,Winter
2/9/2016 0:00,173.7882552,133.5493279,56.5,183.971013,162.2238222,1,wk,Winter
2/10/2016 0:00,183.971013,174.9238788,56,174.3939211,162.2238222,1,wk,Winter
2/11/2016 0:00,174.3939211,171.3277376,67.5,181.3969329,162.2238222,1,wk,Winter
2/12/2016 0:00,181.3969329,144.3377515,63,137.9025515,162.2238222,1,wk,Winter
2/13/2016 0:00,137.9025515,90.54705,63.5,65.94187337,162.2238222,1,wknd,Winter
2/14/2016 0:00,65.94187337,104.8180524,66,104.6287819,162.2238222,1,wknd,Winter
2/15/2016 0:00,104.6287819,173.7882552,62,177.8386459,162.2238222,1,wk,Winter
2/16/2016 0:00,177.8386459,183.971013,62.5,180.9048294,162.2238222,1,wk,Winter
2/17/2016 0:00,180.9048294,174.3939211,62.5,174.8860247,162.2238222,1,wk,Winter
2/18/2016 0:00,174.8860247,181.3969329,66.5,180.4127259,162.2238222,1,wk,Winter
2/19/2016 0:00,180.4127259,137.9025515,72.5,138.9624668,162.2238222,1,wk,Winter
2/20/2016 0:00,138.9624668,65.94187337,71,71.54428281,162.2238222,1,wknd,Winter
2/21/2016 0:00,71.54428281,104.6287819,68,82.82480995,162.2238222,1,wknd,Winter
2/22/2016 0:00,82.82480995,177.8386459,64.5,162.9619775,162.2238222,1,wk,Winter
2/23/2016 0:00,162.9619775,180.9048294,54,165.687474,162.2238222,1,wk,Winter
2/24/2016 0:00,165.687474,174.8860247,53.5,162.5834363,162.2238222,1,wk,Winter
2/25/2016 0:00,162.5834363,180.4127259,53.5,162.5834363,162.2238222,1,wk,Winter
2/26/2016 0:00,162.5834363,138.9624668,52.5,NaN,162.2238222,1,wk,Winter
2/27/2016 0:00,NaN,71.54428281,57.5,54.20709682,162.2238222,1,wknd,Winter
2/28/2016 0:00,54.20709682,82.82480995,66.5,86.64807585,162.2238222,1,wknd,Winter
2/29/2016 0:00,86.64807585,162.9619775,69.5,161.8642081,162.2238222,1,wk,Winter
3/1/2016 0:00,161.8642081,165.687474,70,159.2901281,133.3979114,1,wk,Spring
3/2/2016 0:00,159.2901281,162.5834363,63.5,157.7759634,133.3979114,1,wk,Spring
3/3/2016 0:00,157.7759634,162.5834363,72.5,169.207907,133.3979114,1,wk,Spring
3/4/2016 0:00,169.207907,NaN,60.5,129.9531867,133.3979114,1,wk,Spring
3/5/2016 0:00,129.9531867,54.20709682,68,119.126909,133.3979114,1,wknd,Spring
3/6/2016 0:00,119.126909,86.64807585,67.5,108.6413183,133.3979114,1,wknd,Spring
3/7/2016 0:00,108.6413183,161.8642081,70,172.2740905,133.3979114,1,wk,Spring
3/8/2016 0:00,172.2740905,159.2901281,75.5,165.5360575,133.3979114,1,wk,Spring
3/9/2016 0:00,165.5360575,157.7759634,65,162.6591446,133.3979114,1,wk,Spring
3/10/2016 0:00,162.6591446,169.207907,61,158.9115869,133.3979114,1,wk,Spring
3/11/2016 0:00,158.9115869,129.9531867,65,79.26652286,133.3979114,1,wk,Spring
3/12/2016 0:00,79.26652286,119.126909,65.5,8.782155351,133.3979114,0,wknd,Spring
3/13/2016 0:00,8.782155351,108.6413183,70.5,5.337430623,133.3979114,0,wknd,Spring
3/14/2016 0:00,5.337430623,172.2740905,73,42.3209038,133.3979114,0,wk,Spring
3/15/2016 0:00,42.3209038,165.5360575,79.5,43.64579793,133.3979114,0,wk,Spring
3/16/2016 0:00,43.64579793,162.6591446,71,46.06846147,133.3979114,0,wk,Spring
3/17/2016 0:00,46.06846147,158.9115869,73,67.45603808,133.3979114,0,wk,Spring
3/18/2016 0:00,67.45603808,79.26652286,67.5,87.44301233,133.3979114,0,wk,Spring
3/19/2016 0:00,87.44301233,8.782155351,54.5,71.0900334,133.3979114,0,wknd,Spring
3/20/2016 0:00,71.0900334,5.337430623,53,61.05869216,133.3979114,0,wknd,Spring
3/21/2016 0:00,61.05869216,42.3209038,51.5,165.1196622,133.3979114,1,wk,Spring
3/22/2016 0:00,165.1196622,43.64579793,61.5,167.7694505,133.3979114,1,wk,Spring
3/23/2016 0:00,167.7694505,46.06846147,73.5,164.5139964,133.3979114,1,wk,Spring
3/24/2016 0:00,164.5139964,67.45603808,59,170.0028434,133.3979114,1,wk,Spring
3/25/2016 0:00,170.0028434,87.44301233,57,100.5405371,133.3979114,1,wk,Spring
3/26/2016 0:00,100.5405371,71.0900334,61,63.97345924,133.3979114,1,wknd,Spring
3/27/2016 0:00,63.97345924,61.05869216,65,133.3979114,133.3979114,1,wknd,Spring
3/28/2016 0:00,133.3979114,165.1196622,61.5,149.4859116,133.3979114,1,wk,Spring
3/29/2016 0:00,149.4859116,167.7694505,63.5,146.9496857,133.3979114,1,wk,Spring
3/30/2016 0:00,146.9496857,164.5139964,72.5,155.5425704,133.3979114,1,wk,Spring
3/31/2016 0:00,155.5425704,170.0028434,76,166.1795775,133.3979114,1,wk,Spring
4/1/2016 0:00,166.1795775,100.5405371,58.5,141.7636715,152.4763869,1,wk,Spring
4/2/2016 0:00,141.7636715,63.97345924,59.5,99.51847594,152.4763869,1,wknd,Spring
4/3/2016 0:00,99.51847594,133.3979114,61.5,143.202128,152.4763869,1,wknd,Spring
4/4/2016 0:00,143.202128,149.4859116,68,NaN,152.4763869,1,wk,Spring
4/5/2016 0:00,NaN,146.9496857,67.5,172.9933188,152.4763869,1,wk,Spring
4/6/2016 0:00,172.9933188,155.5425704,68.5,168.4129705,152.4763869,1,wk,Spring
4/7/2016 0:00,168.4129705,166.1795775,66.5,172.6526317,152.4763869,1,wk,Spring
4/8/2016 0:00,172.6526317,141.7636715,67.5,140.4766315,152.4763869,1,wk,Spring
4/9/2016 0:00,140.4766315,99.51847594,67.5,66.09328984,152.4763869,1,wknd,Spring
4/10/2016 0:00,66.09328984,143.202128,72,97.55006181,152.4763869,1,wknd,Spring
4/11/2016 0:00,97.55006181,NaN,79.5,182.7596812,152.4763869,1,wk,Spring
4/12/2016 0:00,182.7596812,172.9933188,67.5,169.2836152,152.4763869,1,wk,Spring
4/13/2016 0:00,169.2836152,168.4129705,65,166.3688481,152.4763869,1,wk,Spring
4/14/2016 0:00,166.3688481,172.6526317,65.5,165.3089328,152.4763869,1,wk,Spring
4/15/2016 0:00,165.3089328,140.4766315,66.5,122.3823631,152.4763869,1,wk,Spring
4/16/2016 0:00,122.3823631,66.09328984,69.5,50.08099797,152.4763869,1,wknd,Spring
4/17/2016 0:00,50.08099797,97.55006181,71,93.84035825,152.4763869,1,wknd,Spring
4/18/2016 0:00,93.84035825,182.7596812,69,152.4763869,152.4763869,1,wk,Spring
4/19/2016 0:00,152.4763869,169.2836152,71.5,156.6024857,152.4763869,1,wk,Spring
4/20/2016 0:00,156.6024857,166.3688481,70.5,163.8326222,152.4763869,1,wk,Spring
4/21/2016 0:00,163.8326222,165.3089328,71.5,160.5014599,152.4763869,1,wk,Spring
4/22/2016 0:00,160.5014599,122.3823631,72,116.893516,152.4763869,1,wk,Spring
4/23/2016 0:00,116.893516,50.08099797,69,57.27328037,152.4763869,1,wknd,Spring
4/24/2016 0:00,57.27328037,93.84035825,71,101.7518689,152.4763869,1,wknd,Spring
4/25/2016 0:00,101.7518689,152.4763869,79,161.7884999,152.4763869,1,wk,Spring
4/26/2016 0:00,161.7884999,156.6024857,79,178.5957282,152.4763869,1,wk,Spring
4/27/2016 0:00,178.5957282,163.8326222,76,164.2490175,152.4763869,1,wk,Spring
4/28/2016 0:00,164.2490175,160.5014599,75,154.1041139,152.4763869,1,wk,Spring
4/29/2016 0:00,154.1041139,116.893516,79.5,116.2121419,152.4763869,1,wk,Spring
4/30/2016 0:00,116.2121419,57.27328037,76,53.90426388,152.4763869,1,wknd,Spring
5/1/2016 0:00,53.90426388,101.7518689,72,99.17778888,69.50016045,1,wknd,Spring
5/2/2016 0:00,99.17778888,161.7884999,63.5,163.8704764,69.50016045,1,wk,Spring
5/3/2016 0:00,163.8704764,178.5957282,66.5,165.4224952,69.50016045,1,wk,Spring
5/4/2016 0:00,165.4224952,164.2490175,70.5,162.5834363,69.50016045,1,wk,Spring
5/5/2016 0:00,162.5834363,154.1041139,74,171.4412999,69.50016045,1,wk,Spring
5/6/2016 0:00,171.4412999,116.2121419,71,118.483389,69.50016045,1,wk,Spring
5/7/2016 0:00,118.483389,53.90426388,72.5,49.9295815,69.50016045,1,wknd,Spring
5/8/2016 0:00,49.9295815,99.17778888,70,81.04566641,69.50016045,1,wknd,Spring
5/9/2016 0:00,81.04566641,163.8704764,77,122.8744667,69.50016045,1,wk,Spring
5/10/2016 0:00,122.8744667,165.4224952,78.5,135.2149091,69.50016045,1,wk,Spring
5/11/2016 0:00,135.2149091,162.5834363,76,142.7857327,69.50016045,1,wk,Spring
5/12/2016 0:00,142.7857327,171.4412999,76,154.2176763,69.50016045,1,wk,Spring
5/13/2016 0:00,154.2176763,118.483389,79,114.5087066,69.50016045,1,wk,Spring
5/14/2016 0:00,114.5087066,49.9295815,72,69.50016045,69.50016045,1,wknd,Spring
5/15/2016 0:00,69.50016045,81.04566641,67,113.3730831,69.50016045,1,wknd,Spring
5/16/2016 0:00,113.3730831,122.8744667,73.5,88.73005234,69.50016045,1,wk,Spring
5/17/2016 0:00,88.73005234,135.2149091,73.5,73.58840518,69.50016045,1,wk,Spring
5/18/2016 0:00,73.58840518,142.7857327,71,54.13138858,69.50016045,0,wk,Spring
5/19/2016 0:00,54.13138858,154.2176763,68.5,30.16973196,69.50016045,0,wk,Spring
5/20/2016 0:00,30.16973196,114.5087066,72.5,16.65581187,69.50016045,0,wk,Spring
5/21/2016 0:00,16.65581187,69.50016045,76.5,7.911510639,69.50016045,0,wknd,Spring
5/22/2016 0:00,7.911510639,113.3730831,79.5,3.633995318,69.50016045,0,wknd,Spring
5/23/2016 0:00,3.633995318,88.73005234,78,38.64905437,69.50016045,0,wk,Spring
5/24/2016 0:00,38.64905437,73.58840518,80.5,38.45978378,69.50016045,0,wk,Spring
5/25/2016 0:00,38.45978378,54.13138858,81.5,45.38708735,69.50016045,0,wk,Spring
5/26/2016 0:00,45.38708735,30.16973196,79,42.20734145,69.50016045,0,wk,Spring
5/27/2016 0:00,42.20734145,16.65581187,71,36.604932,69.50016045,0,wk,Spring
5/28/2016 0:00,36.604932,7.911510639,78,3.861120025,69.50016045,0,wknd,Spring
5/29/2016 0:00,3.861120025,3.633995318,79,2.952621196,69.50016045,0,wknd,Spring
5/30/2016 0:00,2.952621196,38.64905437,77.5,3.028329431,69.50016045,0,wk,Spring
5/31/2016 0:00,3.028329431,38.45978378,74.5,48.49112502,69.50016045,0,wk,Spring
6/1/2016 0:00,48.49112502,45.38708735,77.5,67.15320514,105.9158219,0,wk,Summer
6/2/2016 0:00,67.15320514,42.20734145,76,83.92257937,105.9158219,0,wk,Summer
6/3/2016 0:00,83.92257937,36.604932,75,68.9702028,105.9158219,0,wk,Summer
6/4/2016 0:00,68.9702028,3.861120025,76.5,30.96466844,105.9158219,0,wknd,Summer
6/5/2016 0:00,30.96466844,2.952621196,78,62.53500276,105.9158219,0,wknd,Summer
6/6/2016 0:00,62.53500276,3.028329431,80,108.7170266,105.9158219,0,wk,Summer
6/7/2016 0:00,108.7170266,48.49112502,80.5,143.9592103,105.9158219,0,wk,Summer
6/8/2016 0:00,143.9592103,67.15320514,81,119.5433043,105.9158219,0,wk,Summer
6/9/2016 0:00,119.5433043,83.92257937,81.5,105.9158219,105.9158219,0,wk,Summer
6/10/2016 0:00,105.9158219,68.9702028,80,77.14669226,105.9158219,0,wk,Summer
6/11/2016 0:00,77.14669226,30.96466844,84.5,47.99902149,105.9158219,0,wknd,Summer
6/12/2016 0:00,47.99902149,62.53500276,85.5,61.58864981,105.9158219,0,wknd,Summer
6/13/2016 0:00,61.58864981,108.7170266,85,118.1805561,105.9158219,0,wk,Summer
6/14/2016 0:00,118.1805561,143.9592103,86,NaN,105.9158219,0,wk,Summer
6/15/2016 0:00,NaN,119.5433043,87,116.8178078,105.9158219,0,wk,Summer
6/16/2016 0:00,116.8178078,105.9158219,85.5,110.4961701,105.9158219,0,wk,Summer
6/17/2016 0:00,110.4961701,77.14669226,86.5,88.61648998,105.9158219,0,wk,Summer
6/18/2016 0:00,88.61648998,47.99902149,86,45.99275324,105.9158219,0,wknd,Summer
6/19/2016 0:00,45.99275324,61.58864981,85.5,75.67038166,105.9158219,0,wknd,Summer
6/20/2016 0:00,75.67038166,118.1805561,85,113.978749,105.9158219,0,wk,Summer
6/21/2016 0:00,113.978749,NaN,85.5,136.464095,105.9158219,0,wk,Summer
6/22/2016 0:00,136.464095,116.8178078,86,120.8303443,105.9158219,0,wk,Summer
6/23/2016 0:00,120.8303443,110.4961701,85,107.581403,105.9158219,0,wk,Summer
6/24/2016 0:00,107.581403,88.61648998,84,77.2224005,105.9158219,0,wk,Summer
6/25/2016 0:00,77.2224005,45.99275324,82.5,60.90727569,105.9158219,0,wknd,Summer
6/26/2016 0:00,60.90727569,75.67038166,85.5,59.92306862,105.9158219,0,wknd,Summer
6/27/2016 0:00,59.92306862,113.978749,85.5,107.9220901,105.9158219,0,wk,Summer
6/28/2016 0:00,107.9220901,136.464095,86.5,130.2560197,105.9158219,0,wk,Summer
6/29/2016 0:00,130.2560197,120.8303443,83.5,114.622269,105.9158219,0,wk,Summer
6/30/2016 0:00,114.622269,107.581403,85,106.3700713,105.9158219,0,wk,Summer
7/1/2016 0:00,106.3700713,77.2224005,85,66.96393455,67.94814161,0,wk,Summer
7/2/2016 0:00,66.96393455,60.90727569,87,29.14767078,67.94814161,0,wknd,Summer
7/3/2016 0:00,29.14767078,59.92306862,88,13.81675303,67.94814161,0,wknd,Summer
7/4/2016 0:00,13.81675303,107.9220901,89.5,19.41916248,67.94814161,0,wk,Summer
7/5/2016 0:00,19.41916248,130.2560197,89,77.10883814,67.94814161,0,wk,Summer
7/6/2016 0:00,77.10883814,114.622269,89.5,105.1208854,67.94814161,0,wk,Summer
7/7/2016 0:00,105.1208854,106.3700713,89,138.2053844,67.94814161,0,wk,Summer
7/8/2016 0:00,138.2053844,66.96393455,89.5,89.14644763,67.94814161,0,wk,Summer
7/9/2016 0:00,89.14644763,29.14767078,88.5,54.09353447,67.94814161,0,wknd,Summer
7/10/2016 0:00,54.09353447,13.81675303,87,66.81251808,67.94814161,0,wknd,Summer
7/11/2016 0:00,66.81251808,19.41916248,89.5,102.2439724,67.94814161,0,wk,Summer
7/12/2016 0:00,102.2439724,77.10883814,88.5,111.0639819,67.94814161,0,wk,Summer
7/13/2016 0:00,111.0639819,105.1208854,90.5,98.42070652,67.94814161,0,wk,Summer
7/14/2016 0:00,98.42070652,138.2053844,89,94.44602414,67.94814161,0,wk,Summer
7/15/2016 0:00,94.44602414,89.14644763,89.5,71.69569929,67.94814161,0,wk,Summer
7/16/2016 0:00,71.69569929,54.09353447,88,56.51619801,67.94814161,0,wknd,Summer
7/17/2016 0:00,56.51619801,66.81251808,87.5,35.16647552,67.94814161,0,wknd,Summer
7/18/2016 0:00,35.16647552,102.2439724,88.5,75.1025699,67.94814161,0,wk,Summer
7/19/2016 0:00,75.1025699,111.0639819,88.5,86.68592997,67.94814161,0,wk,Summer
7/20/2016 0:00,86.68592997,98.42070652,89,78.01733697,67.94814161,0,wk,Summer
7/21/2016 0:00,78.01733697,94.44602414,88.5,82.21914406,67.94814161,0,wk,Summer
7/22/2016 0:00,82.21914406,71.69569929,89,59.16598626,67.94814161,0,wk,Summer
7/23/2016 0:00,59.16598626,56.51619801,89.5,43.53223558,67.94814161,0,wknd,Summer
7/24/2016 0:00,43.53223558,35.16647552,89.5,57.7653839,67.94814161,0,wknd,Summer
7/25/2016 0:00,57.7653839,75.1025699,89,90.66061235,67.94814161,0,wk,Summer
7/26/2016 0:00,90.66061235,86.68592997,84,94.1431912,67.94814161,0,wk,Summer
7/27/2016 0:00,94.1431912,78.01733697,83,65.10908277,67.94814161,0,wk,Summer
7/28/2016 0:00,65.10908277,82.21914406,86,66.09328984,67.94814161,0,wk,Summer
7/29/2016 0:00,66.09328984,59.16598626,85,67.94814161,67.94814161,0,wk,Summer
7/30/2016 0:00,67.94814161,43.53223558,86.5,44.28931793,67.94814161,0,wknd,Summer
7/31/2016 0:00,44.28931793,57.7653839,88,27.292819,67.94814161,0,wknd,Summer
8/1/2016 0:00,27.292819,90.66061235,87,48.15043796,48.22614619,0,wk,Summer
8/2/2016 0:00,48.15043796,94.1431912,86.5,46.18202383,48.22614619,0,wk,Summer
8/3/2016 0:00,46.18202383,65.10908277,87.5,47.31764736,48.22614619,0,wk,Summer
8/4/2016 0:00,47.31764736,66.09328984,87.5,55.45628271,48.22614619,0,wk,Summer
8/5/2016 0:00,55.45628271,67.94814161,88.5,46.37129442,48.22614619,0,wk,Summer
8/6/2016 0:00,46.37129442,44.28931793,88.5,20.1005366,48.22614619,0,wknd,Summer
8/7/2016 0:00,20.1005366,27.292819,88.5,29.63977431,48.22614619,0,wknd,Summer
8/8/2016 0:00,29.63977431,48.15043796,89,54.1692427,48.22614619,0,wk,Summer
8/9/2016 0:00,54.1692427,46.18202383,90.5,62.30787805,48.22614619,0,wk,Summer
8/10/2016 0:00,62.30787805,47.31764736,91.5,51.70872504,48.22614619,0,wk,Summer
8/11/2016 0:00,51.70872504,55.45628271,90,54.585638,48.22614619,0,wk,Summer
8/12/2016 0:00,54.585638,46.37129442,92,46.63627324,48.22614619,0,wk,Summer
8/13/2016 0:00,46.63627324,20.1005366,86.5,23.46955309,48.22614619,0,wknd,Summer
8/14/2016 0:00,23.46955309,29.63977431,77.5,20.36551543,48.22614619,0,wknd,Summer
8/15/2016 0:00,20.36551543,54.1692427,73.5,27.67136018,48.22614619,0,wk,Summer
8/16/2016 0:00,27.67136018,62.30787805,77,48.07472972,48.22614619,0,wk,Summer
8/17/2016 0:00,48.07472972,51.70872504,79.5,40.57961438,48.22614619,0,wk,Summer
8/18/2016 0:00,40.57961438,54.585638,81,43.11584028,48.22614619,0,wk,Summer
8/19/2016 0:00,43.11584028,46.63627324,84,62.1943157,48.22614619,0,wk,Summer
8/20/2016 0:00,62.1943157,23.46955309,78,38.11909672,48.22614619,0,wknd,Summer
8/21/2016 0:00,38.11909672,20.36551543,77.5,52.95791093,48.22614619,0,wknd,Summer
8/22/2016 0:00,52.95791093,27.67136018,83,86.19382644,48.22614619,0,wk,Summer
8/23/2016 0:00,86.19382644,48.07472972,85.5,75.82179814,48.22614619,0,wk,Summer
8/24/2016 0:00,75.82179814,40.57961438,84.5,97.89074887,48.22614619,1,wk,Summer
8/25/2016 0:00,97.89074887,43.11584028,84,99.63203829,48.22614619,1,wk,Summer
8/26/2016 0:00,99.63203829,62.1943157,84,83.05193465,48.22614619,1,wk,Summer
8/27/2016 0:00,83.05193465,38.11909672,82,29.18552489,48.22614619,1,wknd,Summer
8/28/2016 0:00,29.18552489,52.95791093,82.5,48.22614619,48.22614619,1,wknd,Summer
8/29/2016 0:00,48.22614619,86.19382644,82,104.8180524,48.22614619,1,wk,Summer
8/30/2016 0:00,104.8180524,75.82179814,82.5,103.4174501,48.22614619,1,wk,Summer
8/31/2016 0:00,103.4174501,97.89074887,84,108.4899019,48.22614619,1,wk,Summer
9/1/2016 0:00,108.4899019,99.63203829,85.5,102.5468054,102.5657324,1,wk,Fall
9/2/2016 0:00,102.5468054,83.05193465,83.5,79.41793934,102.5657324,1,wk,Fall
9/3/2016 0:00,79.41793934,29.18552489,82.5,27.74706841,102.5657324,1,wknd,Fall
9/4/2016 0:00,27.74706841,48.22614619,84,46.48485677,102.5657324,1,wknd,Fall
9/5/2016 0:00,46.48485677,104.8180524,83.5,65.03337454,102.5657324,1,wk,Fall
9/6/2016 0:00,65.03337454,103.4174501,86,114.3572901,102.5657324,1,wk,Fall
9/7/2016 0:00,114.3572901,108.4899019,87,112.1238972,102.5657324,1,wk,Fall
9/8/2016 0:00,112.1238972,102.5468054,86,105.5372807,102.5657324,1,wk,Fall
9/9/2016 0:00,105.5372807,79.41793934,86,79.94789699,102.5657324,1,wk,Fall
9/10/2016 0:00,79.94789699,27.74706841,82,33.16020727,102.5657324,1,wknd,Fall
9/11/2016 0:00,33.16020727,46.48485677,81,55.94838624,102.5657324,1,wknd,Fall
9/12/2016 0:00,55.94838624,65.03337454,81.5,102.5846595,102.5657324,1,wk,Fall
9/13/2016 0:00,102.5846595,114.3572901,84,107.884236,102.5657324,1,wk,Fall
9/14/2016 0:00,107.884236,112.1238972,84,109.6633795,102.5657324,1,wk,Fall
9/15/2016 0:00,109.6633795,105.5372807,83,109.814796,102.5657324,1,wk,Fall
9/16/2016 0:00,109.814796,79.94789699,85,81.95416523,102.5657324,1,wk,Fall
9/17/2016 0:00,81.95416523,33.16020727,85,34.0687061,102.5657324,1,wknd,Fall
9/18/2016 0:00,34.0687061,55.94838624,86.5,59.99877686,102.5657324,1,wknd,Fall
9/19/2016 0:00,59.99877686,102.5846595,87.5,112.4645843,102.5657324,1,wk,Fall
9/20/2016 0:00,112.4645843,107.884236,87,119.6947208,102.5657324,1,wk,Fall
9/21/2016 0:00,119.6947208,109.6633795,85.5,117.0827866,102.5657324,1,wk,Fall
9/22/2016 0:00,117.0827866,109.814796,82,121.7388431,102.5657324,1,wk,Fall
9/23/2016 0:00,121.7388431,81.95416523,84.5,86.45880526,102.5657324,1,wk,Fall
9/24/2016 0:00,86.45880526,34.0687061,87,34.44724728,102.5657324,1,wknd,Fall
9/25/2016 0:00,34.44724728,59.99877686,79,59.27954862,102.5657324,1,wknd,Fall
9/26/2016 0:00,59.27954862,112.4645843,70,117.5370361,102.5657324,1,wk,Fall
9/27/2016 0:00,117.5370361,119.6947208,73.5,120.4518031,102.5657324,1,wk,Fall
9/28/2016 0:00,120.4518031,117.0827866,77,118.3698266,102.5657324,1,wk,Fall
9/29/2016 0:00,118.3698266,121.7388431,74.5,126.0542126,102.5657324,1,wk,Fall
9/30/2016 0:00,126.0542126,86.45880526,71.5,81.72704053,102.5657324,1,wk,Fall
10/1/2016 0:00,81.72704053,34.44724728,69.5,35.16647552,117.0827866,1,wknd,Fall
10/2/2016 0:00,35.16647552,59.27954862,71.5,55.91053213,117.0827866,1,wknd,Fall
10/3/2016 0:00,55.91053213,117.5370361,74.5,117.839869,117.0827866,1,wk,Fall
10/4/2016 0:00,117.839869,120.4518031,80.5,119.0890549,117.0827866,1,wk,Fall
10/5/2016 0:00,119.0890549,118.3698266,83.5,115.8336007,117.0827866,1,wk,Fall
10/6/2016 0:00,115.8336007,126.0542126,84,121.700989,117.0827866,1,wk,Fall
10/7/2016 0:00,121.700989,81.72704053,76,87.70799115,117.0827866,1,wk,Fall
10/8/2016 0:00,87.70799115,35.16647552,73.5,35.09076729,117.0827866,1,wknd,Fall
10/9/2016 0:00,35.09076729,55.91053213,71,65.86616513,117.0827866,1,wknd,Fall
10/10/2016 0:00,65.86616513,117.839869,68,121.0196149,117.0827866,1,wk,Fall
10/11/2016 0:00,121.0196149,119.0890549,70.5,115.6443302,117.0827866,1,wk,Fall
10/12/2016 0:00,115.6443302,115.8336007,76,116.4771208,117.0827866,1,wk,Fall
10/13/2016 0:00,116.4771208,121.700989,78.5,117.9912855,117.0827866,1,wk,Fall
10/14/2016 0:00,117.9912855,87.70799115,77,117.9912855,117.0827866,1,wk,Fall
10/15/2016 0:00,117.9912855,35.09076729,81,117.9912855,117.0827866,1,wknd,Fall
10/16/2016 0:00,117.9912855,65.86616513,84.5,117.9912855,117.0827866,1,wknd,Fall
10/17/2016 0:00,117.9912855,121.0196149,84,117.9912855,117.0827866,1,wk,Fall
10/18/2016 0:00,117.9912855,115.6443302,84,121.057469,117.0827866,1,wk,Fall
10/19/2016 0:00,121.057469,116.4771208,83.5,116.4392666,117.0827866,1,wk,Fall
10/20/2016 0:00,116.4392666,117.9912855,74,124.7671726,117.0827866,1,wk,Fall
10/21/2016 0:00,124.7671726,117.9912855,65,80.70497934,117.0827866,1,wk,Fall
10/22/2016 0:00,80.70497934,117.9912855,63.5,35.5450167,117.0827866,1,wknd,Fall
10/23/2016 0:00,35.5450167,117.9912855,69.5,58.74959097,117.0827866,1,wknd,Fall
10/24/2016 0:00,58.74959097,117.9912855,76.5,120.0354078,117.0827866,1,wk,Fall
10/25/2016 0:00,120.0354078,121.057469,76.5,119.5433043,117.0827866,1,wk,Fall
10/26/2016 0:00,119.5433043,116.4392666,75.5,117.0827866,117.0827866,1,wk,Fall
10/27/2016 0:00,117.0827866,124.7671726,76,131.7701844,117.0827866,1,wk,Fall
10/28/2016 0:00,131.7701844,80.70497934,73.5,89.14644763,117.0827866,1,wk,Fall
10/29/2016 0:00,89.14644763,35.5450167,75,37.21059789,117.0827866,1,wknd,Fall
10/30/2016 0:00,37.21059789,58.74959097,76,67.0774969,117.0827866,1,wknd,Fall
10/31/2016 0:00,67.0774969,120.0354078,73,117.4234737,117.0827866,1,wk,Fall
11/1/2016 0:00,117.4234737,119.5433043,81,114.0923113,103.5499395,1,wk,Fall
11/2/2016 0:00,114.0923113,117.0827866,80.5,114.0166031,103.5499395,1,wk,Fall
11/3/2016 0:00,114.0166031,131.7701844,74,118.9754925,103.5499395,1,wk,Fall
11/4/2016 0:00,118.9754925,89.14644763,70.5,93.08327589,103.5499395,1,wk,Fall
11/5/2016 0:00,93.08327589,37.21059789,67.5,32.32741668,103.5499395,1,wknd,Fall
11/6/2016 0:00,32.32741668,67.0774969,67.5,62.68641923,103.5499395,1,wknd,Fall
11/7/2016 0:00,62.68641923,117.4234737,66,121.0953231,103.5499395,1,wk,Fall
11/8/2016 0:00,121.0953231,114.0923113,65.5,120.7924902,103.5499395,1,wk,Fall
11/9/2016 0:00,120.7924902,114.0166031,62.5,120.3760949,103.5499395,1,wk,Fall
11/10/2016 0:00,120.3760949,118.9754925,63.5,124.6536102,103.5499395,1,wk,Fall
11/11/2016 0:00,124.6536102,93.08327589,64.5,90.69846647,103.5499395,1,wk,Fall
11/12/2016 0:00,90.69846647,32.32741668,67,33.46304022,103.5499395,1,wknd,Fall
11/13/2016 0:00,33.46304022,62.68641923,65,57.38684272,103.5499395,1,wknd,Fall
11/14/2016 0:00,57.38684272,121.0953231,69,119.2026172,103.5499395,1,wk,Fall
11/15/2016 0:00,119.2026172,120.7924902,72.5,113.1838125,103.5499395,1,wk,Fall
11/16/2016 0:00,113.1838125,120.3760949,70.5,123.1394455,103.5499395,1,wk,Fall
11/17/2016 0:00,123.1394455,124.6536102,70,130.1803114,103.5499395,1,wk,Fall
11/18/2016 0:00,130.1803114,90.69846647,65.5,93.91606649,103.5499395,1,wk,Fall
11/19/2016 0:00,93.91606649,33.46304022,52,33.87943551,103.5499395,1,wknd,Fall
11/20/2016 0:00,33.87943551,57.38684272,51,62.8378357,103.5499395,1,wknd,Fall
11/21/2016 0:00,62.8378357,119.2026172,60.5,117.2342031,103.5499395,1,wk,Fall
11/22/2016 0:00,117.2342031,113.1838125,69,89.90352999,103.5499395,1,wk,Fall
11/23/2016 0:00,89.90352999,123.1394455,62,45.38708735,103.5499395,0,wk,Fall
11/24/2016 0:00,45.38708735,130.1803114,61,4.542494147,103.5499395,0,wk,Fall
11/25/2016 0:00,4.542494147,93.91606649,60.5,5.715971802,103.5499395,0,wk,Fall
11/26/2016 0:00,5.715971802,33.87943551,61.5,5.223868269,103.5499395,0,wknd,Fall
11/27/2016 0:00,5.223868269,62.8378357,66,27.63350606,103.5499395,0,wknd,Fall
11/28/2016 0:00,27.63350606,117.2342031,65,116.6663913,103.5499395,1,wk,Fall
11/29/2016 0:00,116.6663913,89.90352999,64,134.4956809,103.5499395,1,wk,Fall
11/30/2016 0:00,134.4956809,45.38708735,54.5,128.0983349,103.5499395,1,wk,Fall
12/1/2016 0:00,128.0983349,4.542494147,53,127.795502,11.01554831,1,wk,Winter
12/2/2016 0:00,127.795502,5.715971802,57.5,93.42396296,11.01554831,1,wk,Winter
12/3/2016 0:00,93.42396296,5.223868269,50.5,41.52596733,11.01554831,1,wknd,Winter
12/4/2016 0:00,41.52596733,27.63350606,51,66.35826866,11.01554831,1,wknd,Winter
12/5/2016 0:00,66.35826866,116.6663913,49.5,118.3319725,11.01554831,1,wk,Winter
12/6/2016 0:00,118.3319725,134.4956809,50.5,105.8401136,11.01554831,1,wk,Winter
12/7/2016 0:00,105.8401136,128.0983349,47.5,111.1396901,11.01554831,1,wk,Winter
12/8/2016 0:00,111.1396901,127.795502,44,108.1870689,11.01554831,1,wk,Winter
12/9/2016 0:00,108.1870689,93.42396296,39.5,82.97622642,11.01554831,1,wk,Winter
12/10/2016 0:00,82.97622642,41.52596733,43.5,41.41240497,11.01554831,1,wknd,Winter
12/11/2016 0:00,41.41240497,66.35826866,58.5,54.81276271,11.01554831,1,wknd,Winter
12/12/2016 0:00,54.81276271,118.3319725,56.5,72.83132282,11.01554831,1,wk,Winter
12/13/2016 0:00,72.83132282,105.8401136,63.5,53.75284741,11.01554831,1,wk,Winter
12/14/2016 0:00,53.75284741,111.1396901,50,47.35550148,11.01554831,1,wk,Winter
12/15/2016 0:00,47.35550148,108.1870689,49.5,36.94561906,11.01554831,0,wk,Winter
12/16/2016 0:00,36.94561906,82.97622642,59,6.662324749,11.01554831,0,wk,Winter
12/17/2016 0:00,6.662324749,41.41240497,55,3.141891785,11.01554831,0,wknd,Winter
12/18/2016 0:00,3.141891785,54.81276271,31.5,2.914767078,11.01554831,0,wknd,Winter
12/19/2016 0:00,2.914767078,72.83132282,34,6.889449456,11.01554831,0,wk,Winter
12/20/2016 0:00,6.889449456,53.75284741,47,7.305844753,11.01554831,0,wk,Winter
12/21/2016 0:00,7.305844753,47.35550148,57,7.797948286,11.01554831,0,wk,Winter
12/22/2016 0:00,7.797948286,36.94561906,59,4.921035326,11.01554831,0,wk,Winter
12/23/2016 0:00,4.921035326,6.662324749,60,3.066183549,11.01554831,0,wk,Winter
12/24/2016 0:00,3.066183549,3.141891785,71.5,2.536225899,11.01554831,0,wknd,Winter
12/25/2016 0:00,2.536225899,2.914767078,74,5.299576505,11.01554831,0,wknd,Winter
12/26/2016 0:00,5.299576505,6.889449456,77,5.753825919,11.01554831,0,wk,Winter
12/27/2016 0:00,5.753825919,7.305844753,69,10.25846595,11.01554831,0,wk,Winter
12/28/2016 0:00,10.25846595,7.797948286,72.5,7.116574164,11.01554831,0,wk,Winter
12/29/2016 0:00,7.116574164,4.921035326,59.5,11.01554831,11.01554831,0,wk,Winter
12/30/2016 0:00,11.01554831,3.066183549,52,9.728508298,11.01554831,0,wk,Winter
12/31/2016 0:00,9.728508298,2.536225899,64,8.668592997,11.01554831,0,wknd,Winter
1/1/2017 0:00,8.668592997,5.299576505,64,7.419407107,40.92030144,0,wknd,Winter
1/2/2017 0:00,7.419407107,5.753825919,63,7.078720046,40.92030144,0,wk,Winter
1/3/2017 0:00,7.078720046,10.25846595,60,8.857863587,40.92030144,0,wk,Winter
1/4/2017 0:00,8.857863587,7.116574164,44,9.009280058,40.92030144,0,wk,Winter
1/5/2017 0:00,9.009280058,11.01554831,48.5,11.81048478,40.92030144,0,wk,Winter
1/6/2017 0:00,11.81048478,9.728508298,28.5,12.60542126,40.92030144,0,wk,Winter
1/7/2017 0:00,12.60542126,8.668592997,31.5,5.375284741,40.92030144,0,wknd,Winter
1/8/2017 0:00,5.375284741,7.419407107,37,5.261722387,40.92030144,0,wknd,Winter
1/9/2017 0:00,5.261722387,7.078720046,57,34.37153905,40.92030144,0,wk,Winter
1/10/2017 0:00,34.37153905,8.857863587,69,30.32114843,40.92030144,0,wk,Winter
1/11/2017 0:00,30.32114843,9.009280058,69.5,36.79420259,40.92030144,0,wk,Winter
1/12/2017 0:00,36.79420259,11.81048478,74,36.68064024,40.92030144,0,wk,Winter
1/13/2017 0:00,36.68064024,12.60542126,67,30.85110608,40.92030144,0,wk,Winter
1/14/2017 0:00,30.85110608,5.375284741,51.5,17.94285188,40.92030144,0,wknd,Winter
1/15/2017 0:00,17.94285188,5.261722387,62,30.4725649,40.92030144,0,wknd,Winter
1/16/2017 0:00,30.4725649,34.37153905,64,65.82831101,40.92030144,0,wk,Winter
1/17/2017 0:00,65.82831101,30.32114843,53.5,124.3507773,40.92030144,1,wk,Winter
1/18/2017 0:00,124.3507773,36.79420259,51.5,113.5623537,40.92030144,1,wk,Winter
1/19/2017 0:00,113.5623537,36.68064024,61.5,123.6694032,40.92030144,1,wk,Winter
1/20/2017 0:00,123.6694032,30.85110608,61.5,97.58791592,40.92030144,1,wk,Winter
1/21/2017 0:00,97.58791592,17.94285188,64.5,54.05568035,40.92030144,1,wknd,Winter
1/22/2017 0:00,54.05568035,30.4725649,61.5,63.40564747,40.92030144,1,wknd,Winter
1/23/2017 0:00,63.40564747,65.82831101,61,116.7799537,40.92030144,1,wk,Winter
1/24/2017 0:00,116.7799537,124.3507773,67,128.9689797,40.92030144,1,wk,Winter
1/25/2017 0:00,128.9689797,113.5623537,58.5,128.9689797,40.92030144,1,wk,Winter
1/26/2017 0:00,128.9689797,123.6694032,49.5,120.2246784,40.92030144,1,wk,Winter
1/27/2017 0:00,120.2246784,97.58791592,48,88.88146881,40.92030144,1,wk,Winter
1/28/2017 0:00,88.88146881,54.05568035,50,40.92030144,40.92030144,1,wknd,Winter
1/29/2017 0:00,40.92030144,63.40564747,55,69.12161927,40.92030144,1,wknd,Winter
1/30/2017 0:00,69.12161927,116.7799537,63,129.5367914,40.92030144,1,wk,Winter
1/31/2017 0:00,129.5367914,128.9689797,61,121.2467396,40.92030144,1,wk,Winter
2/1/2017 0:00,121.2467396,128.9689797,66.5,141.1580056,123.5747679,1,wk,Winter
2/2/2017 0:00,141.1580056,120.2246784,55,129.6124997,123.5747679,1,wk,Winter
2/3/2017 0:00,129.6124997,88.88146881,49,90.50919588,123.5747679,1,wk,Winter
2/4/2017 0:00,90.50919588,40.92030144,49,39.21686614,123.5747679,1,wknd,Winter
2/5/2017 0:00,39.21686614,69.12161927,61.5,62.4214404,123.5747679,1,wknd,Winter
2/6/2017 0:00,62.4214404,129.5367914,72.5,123.934382,123.5747679,1,wk,Winter
2/7/2017 0:00,123.934382,121.2467396,71,122.344509,123.5747679,1,wk,Winter
2/8/2017 0:00,122.344509,141.1580056,69,129.0068338,123.5747679,1,wk,Winter
2/9/2017 0:00,129.0068338,129.6124997,55.5,147.8960386,123.5747679,1,wk,Winter
2/10/2017 0:00,147.8960386,90.50919588,65,95.96018885,123.5747679,1,wk,Winter
2/11/2017 0:00,95.96018885,39.21686614,76,60.75585922,123.5747679,1,wknd,Winter
2/12/2017 0:00,60.75585922,62.4214404,72.5,79.91004287,123.5747679,1,wknd,Winter
2/13/2017 0:00,79.91004287,123.934382,70.5,147.5932057,123.5747679,1,wk,Winter
2/14/2017 0:00,147.5932057,122.344509,57,132.9058079,123.5747679,1,wk,Winter
2/15/2017 0:00,132.9058079,129.0068338,54,129.3096667,123.5747679,1,wk,Winter
2/16/2017 0:00,129.3096667,147.8960386,55,125.9027961,123.5747679,1,wk,Winter
2/17/2017 0:00,125.9027961,95.96018885,63.5,91.56911118,123.5747679,1,wk,Winter
2/18/2017 0:00,91.56911118,60.75585922,74,36.52922377,123.5747679,1,wknd,Winter
2/19/2017 0:00,36.52922377,79.91004287,71,61.96719099,123.5747679,1,wknd,Winter
2/20/2017 0:00,61.96719099,147.5932057,64,123.2151537,123.5747679,1,wk,Winter
2/21/2017 0:00,123.2151537,132.9058079,67,126.8112949,123.5747679,1,wk,Winter
2/22/2017 0:00,126.8112949,129.3096667,69,132.2244338,123.5747679,1,wk,Winter
2/23/2017 0:00,132.2244338,125.9027961,72.5,126.9248573,123.5747679,1,wk,Winter
2/24/2017 0:00,126.9248573,91.56911118,67,97.81504063,123.5747679,1,wk,Winter
2/25/2017 0:00,97.81504063,36.52922377,53.5,38.00553436,123.5747679,1,wknd,Winter
2/26/2017 0:00,38.00553436,61.96719099,57,68.93234868,123.5747679,1,wknd,Winter
2/27/2017 0:00,68.93234868,123.2151537,74,129.0068338,123.5747679,1,wk,Winter
2/28/2017 0:00,129.0068338,126.8112949,74.5,124.9942973,123.5747679,1,wk,Winter
3/1/2017 0:00,124.9942973,132.2244338,63.5,132.943662,85.8909935,1,wk,Spring
3/2/2017 0:00,132.943662,126.9248573,57.5,129.2718126,85.8909935,1,wk,Spring
3/3/2017 0:00,129.2718126,97.81504063,55.5,85.8909935,85.8909935,1,wk,Spring
3/4/2017 0:00,85.8909935,38.00553436,56.5,78.66085698,85.8909935,1,wknd,Spring
3/5/2017 0:00,78.66085698,68.93234868,66,80.02360522,85.8909935,1,wknd,Spring
3/6/2017 0:00,80.02360522,129.0068338,76,123.4801326,85.8909935,1,wk,Spring
3/7/2017 0:00,123.4801326,124.9942973,69,131.7701844,85.8909935,1,wk,Spring
3/8/2017 0:00,131.7701844,132.943662,68,117.4991819,85.8909935,1,wk,Spring
3/9/2017 0:00,117.4991819,129.2718126,73.5,114.9251019,85.8909935,1,wk,Spring
3/10/2017 0:00,114.9251019,85.8909935,72.5,49.55104032,85.8909935,1,wk,Spring
3/11/2017 0:00,49.55104032,78.66085698,63.5,6.510908277,85.8909935,0,wknd,Spring
3/12/2017 0:00,6.510908277,80.02360522,54.5,3.974682379,85.8909935,0,wknd,Spring
3/13/2017 0:00,3.974682379,123.4801326,59,28.84483783,85.8909935,0,wk,Spring
3/14/2017 0:00,28.84483783,131.7701844,56.5,27.51994371,85.8909935,0,wk,Spring
3/15/2017 0:00,27.51994371,117.4991819,62,25.13513428,85.8909935,0,wk,Spring
3/16/2017 0:00,25.13513428,114.9251019,68.5,30.2454402,85.8909935,0,wk,Spring
3/17/2017 0:00,30.2454402,49.55104032,74,23.01530368,85.8909935,0,wk,Spring
3/18/2017 0:00,23.01530368,6.510908277,74.5,6.738032985,85.8909935,0,wknd,Spring
3/19/2017 0:00,6.738032985,3.974682379,75,36.07497435,85.8909935,1,wknd,Spring
3/20/2017 0:00,36.07497435,28.84483783,74.5,130.3317279,85.8909935,1,wk,Spring
3/21/2017 0:00,130.3317279,27.51994371,74,129.9531867,85.8909935,1,wk,Spring
3/22/2017 0:00,129.9531867,25.13513428,75.5,138.2810927,85.8909935,1,wk,Spring
3/23/2017 0:00,138.2810927,30.2454402,75,148.6909751,85.8909935,1,wk,Spring
3/24/2017 0:00,148.6909751,23.01530368,71.5,84.03614172,85.8909935,1,wk,Spring
3/25/2017 0:00,84.03614172,6.738032985,68.5,41.45025909,85.8909935,1,wknd,Spring
3/26/2017 0:00,41.45025909,36.07497435,74.5,80.62927111,85.8909935,1,wknd,Spring
3/27/2017 0:00,80.62927111,130.3317279,78,123.6694032,85.8909935,1,wk,Spring
3/28/2017 0:00,123.6694032,129.9531867,78,120.2625325,85.8909935,1,wk,Spring
3/29/2017 0:00,120.2625325,138.2810927,72,125.4485467,85.8909935,1,wk,Spring
3/30/2017 0:00,125.4485467,148.6909751,68,120.3382408,85.8909935,1,wk,Spring
3/31/2017 0:00,120.3382408,84.03614172,70.5,96.45229239,85.8909935,1,wk,Spring
4/1/2017 0:00,96.45229239,41.45025909,70.5,41.90450851,126.8491491,1,wknd,Spring
4/2/2017 0:00,41.90450851,80.62927111,67,68.74307809,126.8491491,1,wknd,Spring
4/3/2017 0:00,68.74307809,123.6694032,69.5,125.4864008,126.8491491,1,wk,Spring
4/4/2017 0:00,125.4864008,120.2625325,74.5,131.6944761,126.8491491,1,wk,Spring
4/5/2017 0:00,131.6944761,125.4485467,63.5,140.4009233,126.8491491,1,wk,Spring
4/6/2017 0:00,140.4009233,120.3382408,64,148.1610174,126.8491491,1,wk,Spring
4/7/2017 0:00,148.1610174,96.45229239,66.5,112.8052713,126.8491491,1,wk,Spring
4/8/2017 0:00,112.8052713,41.90450851,69,62.08075334,126.8491491,1,wknd,Spring
4/9/2017 0:00,62.08075334,68.74307809,73.5,91.26627824,126.8491491,1,wknd,Spring
4/10/2017 0:00,91.26627824,125.4864008,75.5,141.9529421,126.8491491,1,wk,Spring
4/11/2017 0:00,141.9529421,131.6944761,67,142.0665044,126.8491491,1,wk,Spring
4/12/2017 0:00,142.0665044,140.4009233,69.5,146.1926033,126.8491491,1,wk,Spring
4/13/2017 0:00,146.1926033,148.1610174,74.5,131.0509561,126.8491491,1,wk,Spring
4/14/2017 0:00,131.0509561,112.8052713,74.5,88.20009469,126.8491491,1,wk,Spring
4/15/2017 0:00,88.20009469,62.08075334,75.5,49.89172738,126.8491491,1,wknd,Spring
4/16/2017 0:00,49.89172738,91.26627824,76.5,71.31715811,126.8491491,1,wknd,Spring
4/17/2017 0:00,71.31715811,141.9529421,71.5,133.0950785,126.8491491,1,wk,Spring
4/18/2017 0:00,133.0950785,142.0665044,71.5,134.7606597,126.8491491,1,wk,Spring
4/19/2017 0:00,134.7606597,146.1926033,76.5,133.7007444,126.8491491,1,wk,Spring
4/20/2017 0:00,133.7007444,131.0509561,79,131.2023726,126.8491491,1,wk,Spring
4/21/2017 0:00,131.2023726,88.20009469,80,111.745356,126.8491491,1,wk,Spring
4/22/2017 0:00,111.745356,49.89172738,65,55.91053213,126.8491491,1,wknd,Spring
4/23/2017 0:00,55.91053213,71.31715811,63.5,73.209864,126.8491491,1,wknd,Spring
4/24/2017 0:00,73.209864,133.0950785,65,128.2118973,126.8491491,1,wk,Spring
4/25/2017 0:00,128.2118973,134.7606597,76,129.3096667,126.8491491,1,wk,Spring
4/26/2017 0:00,129.3096667,133.7007444,76.5,140.0602362,126.8491491,1,wk,Spring
4/27/2017 0:00,140.0602362,131.2023726,69.5,138.1296762,126.8491491,1,wk,Spring
4/28/2017 0:00,138.1296762,111.745356,82.5,93.57537943,126.8491491,1,wk,Spring
4/29/2017 0:00,93.57537943,55.91053213,79,59.20384038,126.8491491,1,wknd,Spring
4/30/2017 0:00,59.20384038,73.209864,65,69.15947339,126.8491491,1,wknd,Spring
5/1/2017 0:00,69.15947339,128.2118973,71,117.1206408,52.57936975,1,wk,Spring
5/2/2017 0:00,117.1206408,129.3096667,77,113.5244996,52.57936975,1,wk,Spring
5/3/2017 0:00,113.5244996,140.0602362,79.5,134.0792856,52.57936975,1,wk,Spring
5/4/2017 0:00,134.0792856,138.1296762,69.5,130.0667491,52.57936975,1,wk,Spring
5/5/2017 0:00,130.0667491,93.57537943,70.5,86.19382644,52.57936975,1,wk,Spring
5/6/2017 0:00,86.19382644,59.20384038,72.5,41.82880027,52.57936975,1,wknd,Spring
5/7/2017 0:00,41.82880027,69.15947339,74.5,52.57936975,52.57936975,1,wknd,Spring
5/8/2017 0:00,52.57936975,117.1206408,74,91.49340294,52.57936975,1,wk,Spring
5/9/2017 0:00,91.49340294,113.5244996,71,122.003822,52.57936975,1,wk,Spring
5/10/2017 0:00,122.003822,134.0792856,77,140.5523397,52.57936975,1,wk,Spring
5/11/2017 0:00,140.5523397,130.0667491,79.5,136.0855538,52.57936975,1,wk,Spring
5/12/2017 0:00,136.0855538,86.19382644,75.5,97.24722886,52.57936975,1,wk,Spring
5/13/2017 0:00,97.24722886,41.82880027,73.5,58.78744509,52.57936975,1,wknd,Spring
5/14/2017 0:00,58.78744509,52.57936975,77.5,52.01155798,52.57936975,1,wknd,Spring
5/15/2017 0:00,52.01155798,91.49340294,79.5,76.27604755,52.57936975,1,wk,Spring
5/16/2017 0:00,76.27604755,122.003822,78,71.05217928,52.57936975,1,wk,Spring
5/17/2017 0:00,71.05217928,140.5523397,80,60.64229686,52.57936975,0,wk,Spring
5/18/2017 0:00,60.64229686,136.0855538,83.5,58.63602861,52.57936975,0,wk,Spring
5/19/2017 0:00,58.63602861,97.24722886,85,46.44700265,52.57936975,0,wk,Spring
5/20/2017 0:00,46.44700265,58.78744509,75,15.4444801,52.57936975,0,wknd,Spring
5/21/2017 0:00,15.4444801,52.01155798,70,12.30258831,52.57936975,0,wknd,Spring
5/22/2017 0:00,12.30258831,76.27604755,69,40.57961438,52.57936975,0,wk,Spring
5/23/2017 0:00,40.57961438,71.05217928,72,43.64579793,52.57936975,0,wk,Spring
5/24/2017 0:00,43.64579793,60.64229686,71.5,40.12536496,52.57936975,0,wk,Spring
5/25/2017 0:00,40.12536496,58.63602861,78,37.70270142,52.57936975,0,wk,Spring
5/26/2017 0:00,37.70270142,46.44700265,83.5,42.85086145,52.57936975,0,wk,Spring
5/27/2017 0:00,42.85086145,15.4444801,86.5,21.65255543,52.57936975,0,wknd,Spring
5/28/2017 0:00,21.65255543,12.30258831,80,20.89547308,52.57936975,0,wknd,Spring
5/29/2017 0:00,20.89547308,40.57961438,78,21.19830602,52.57936975,0,wk,Spring
5/30/2017 0:00,21.19830602,43.64579793,78,35.84784964,52.57936975,0,wk,Spring
5/31/2017 0:00,35.84784964,40.12536496,76.5,40.01180261,52.57936975,0,wk,Spring
